{"type": "metrics", "dataset": "train", "precision": 0.65625, "balanced_accuracy": 0.6657305617177444, "recall": 0.39111111111111113, "f1_score": 0.49012067365070944}
{"type": "metrics", "dataset": "test", "precision": 0.6460396039603961, "balanced_accuracy": 0.6750773933179826, "recall": 0.4108079748163694, "f1_score": 0.5022450288646568}
{"type": "cm_matrix", "dataset": "train", "true_0": {"predicted_0": 15260, "predicted_1": 968}, "true_1": {"predicted_0": 2877, "predicted_1": 1848}}
{"type": "cm_matrix", "dataset": "test", "true_0": {"predicted_0": 6644, "predicted_1": 429}, "true_1": {"predicted_0": 1123, "predicted_1": 783}}
